{"train_losses": [0.008876075968146324, 0.0145087747178653, 0.0037388512561016755, 0.002314070486766435, 0.0016081480741027448, 0.003327792095370255, 0.0004411057554711531, 0.0003816504759920022, 0.00044585489795709077, 0.0001824884151797686], "train_accs": [0.9453125, 0.9009051310741688, 0.9491337227912933, 0.9535651408450704, 0.956145966709347, 0.9437140345268542, 0.9826944622279129, 0.9826944622279129, 0.9763924455825864, 0.9893002717391305], "val_accs": [0.9572, 0.906, 0.9588, 0.9528, 0.9724, 0.9664, 0.9926, 0.9948, 0.9866, 0.997]}