{"train_losses": [32.924705505371094, 2.8016732178075845, 0.5118744536729021, 0.09997332729295923, 0.013919995883141512, 0.005632526910951299, 0.0029616107159811103, 0.0015328167549680382, 0.000962339159157756, 0.0007563164815458904, 0.000569643672739047, 0.00038784733782000616, 0.0003799249398482767, 0.00021958414954005535, 0.00024805429915056716, 0.00016177685240689163, 0.00014892943154024772, 0.000156388854103611, 8.536933966738935e-05, 0.0001110170512768936, 4.945020549453512e-05, 6.792194771045627e-05, 5.3780587762128746e-05, 4.783129685850426e-05, 3.137058144670371e-05, 4.539356718425597e-05, 2.2896653479127753e-05, 1.9847918231468734e-05, 1.996382653423416e-05, 1.6108785645103155e-05, 1.5444496617116662e-05, 1.0705813426015176e-05, 1.0665514443878287e-05, 6.6747083413127156e-06, 4.669011490247902e-06, 5.012596713386383e-06, 3.5485919081666564e-06, 3.49576995416115e-06, 2.1923212756253538e-06, 1.5408935096079581e-06, 1.6708896130795138e-06, 6.168252385320359e-07, 8.500958146450779e-07, 6.315842515412283e-07, 4.1745253998111855e-07, 2.5851839661838e-07, 1.7761381513890862e-07, 2.1655175424954072e-07, 2.0154645189095522e-07, 1.461635907857546e-07, 1.4903877518081572e-07], "train_accs": [0.0, 0.0, 0.02640845070422535, 0.22497800703774792, 0.5782450384122919, 0.7432621561100448, 0.8359375, 0.9020613403710812, 0.9320182458386683, 0.9420685380678183, 0.9525548175416133, 0.9641214811260397, 0.9639284571062741, 0.9753278950735764, 0.97180097631242, 0.9806062060140754, 0.9798335467349552, 0.9788467690339091, 0.9870658610755442, 0.9834353007037748, 0.9917973751600512, 0.9878338931541907, 0.9907770486555698, 0.9912527991042867, 0.993467909731114, 0.9913927543186181, 0.995268485915493, 0.9956513915547025, 0.9956986235595391, 0.9963911548304543, 0.9963588348271447, 0.9972508797184901, 0.9975192061459667, 0.9982805502239284, 0.9987395966709347, 0.9986404350607806, 0.9988796414852753, 0.9991302783109405, 0.9992997759282971, 0.9993702015355086, 0.9995598591549296, 0.9998200575815739, 0.9997799295774648, 0.9998300543825975, 0.9998699583866837, 0.9999500159948816, 0.9999499839948783, 0.999940019193858, 0.999969990396927, 0.9999600127959053, 0.9999699711723254], "val_accs": [0.0, 0.0, 0.0786, 0.4064, 0.6952, 0.7826, 0.8768, 0.9456, 0.9494, 0.964, 0.9634, 0.9818, 0.9826, 0.9818, 0.9822, 0.9876, 0.9662, 0.9882, 0.9916, 0.9928, 0.997, 0.991, 0.981, 0.9948, 0.997, 0.9912, 0.9968, 0.992, 0.9844, 0.9978, 0.9974, 0.9942, 0.999, 0.9988, 0.9994, 0.9984, 0.999, 0.9984, 0.9998, 0.9988, 0.9998, 0.9998, 0.9996, 0.9996, 0.9998, 0.9998, 1.0, 0.9998, 1.0, 1.0, 1.0]}