{"_wandb":{"runtime":1382},"_timestamp":1.7321660007608597e+09,"Validation Accuracy":0.4758,"_runtime":1382.684745362,"Train Accuracy":0.47375801282051283,"_step":3281,"Train Loss":0.0016236679218953546,"Validation Loss":0.06861666321188589,"Step":13125}