{"train_losses": [32.487918853759766, 2.815140746057491, 0.32398076671856724, 0.016010464015552856, 0.009401725073541818, 0.006121608190165057, 0.0033637311282955465, 0.0011522877996548446, 0.0006015070449474946, 0.0004197930192389326, 0.0003340202017692059, 0.0002539719095245408, 0.0002171789970252557, 0.00016029914281092956, 8.742556930145398e-05, 0.00012792067775235308, 9.53401969310973e-05, 0.00010480463175052114, 5.0232225916617305e-05, 5.1930297566301703e-05, 3.957792637548837e-05, 4.0621236698404654e-05, 3.900816003438678e-05, 3.0150322019485392e-05, 1.7693938584871765e-05, 2.4166974873868215e-05, 1.3105253897754066e-05, 1.3354048274340322e-05, 1.1676674904222123e-05, 9.113359876456181e-06, 4.988753303337045e-06, 5.817594817683311e-06, 7.269998205146104e-06, 1.390618805716759e-06, 3.85839157945959e-06, 1.4186387854402035e-06, 2.406078113921045e-06, 1.0453538245019991e-06, 8.642939026636642e-07, 1.0516506549202998e-06, 4.790216946068805e-07, 1.589027257472645e-07, 1.323858985299734e-07, 1.2306059630700265e-07, 3.6262174147094917e-07, 1.2233914774812523e-07, 8.365618467457743e-08, 1.3669837742168047e-07, 9.562655573657495e-08, 1.1359494133825947e-07, 8.60189965547761e-08], "train_accs": [0.0, 0.0, 0.20208466709346992, 0.5681581893793985, 0.6248899647887324, 0.6882797504798465, 0.7900028008962868, 0.9243142194497761, 0.9620578585147247, 0.9722088931541907, 0.9768025768245838, 0.9808561260396673, 0.9830545774647887, 0.985474648112604, 0.9913572343149808, 0.9872340850927703, 0.990416933418694, 0.9880738163787588, 0.9937379961587708, 0.993652031349968, 0.9947583226632523, 0.9942518394113884, 0.9944382202304738, 0.9949916026871402, 0.9970290492957746, 0.9961612284069098, 0.9976992637644047, 0.9977607165706974, 0.9978693181818182, 0.9981505918106206, 0.998899647887324, 0.9987204094689699, 0.998689580665813, 0.9996301183621241, 0.9990496959026889, 0.9996401151631478, 0.999449823943662, 0.9996900991682661, 0.9997099071702945, 0.9997500799744082, 0.9998399487836107, 0.9999900031989764, 0.9999799935979513, 0.9999800063979527, 0.9999499839948783, 0.9999700095969289, 0.9999899967989757, 0.9999800063979527, 0.9999799935979513, 0.9999700095969289, 0.9999799807815503], "val_accs": [0.0, 0.0, 0.5256, 0.607, 0.6234, 0.7492, 0.8088, 0.9478, 0.9834, 0.9894, 0.9932, 0.9548, 0.9628, 0.9928, 0.9942, 0.9592, 0.9934, 0.9962, 0.9982, 0.9972, 0.9982, 0.9854, 0.999, 0.9932, 0.9998, 0.9996, 0.9968, 0.9962, 0.9992, 0.9996, 0.9976, 0.998, 0.999, 0.9998, 0.9986, 0.9996, 0.9996, 1.0, 0.9998, 0.9994, 1.0, 1.0, 1.0, 1.0, 1.0, 1.0, 1.0, 1.0, 1.0, 1.0, 1.0]}