{"_wandb":{"runtime":640},"_step":40,"_timestamp":1.7320772088672087e+09,"Step":40,"Train Accuracy":0,"Validation Loss":7.600135445594788,"Validation Accuracy":0,"Train Loss":5.162723459848544,"_runtime":640.410567798}