{"Validation Loss":0.0029136657220078634,"Validation Accuracy":0.9722,"_timestamp":1.7321821824579165e+09,"_wandb":{"runtime":1402},"Step":7032,"Train Loss":0.0004854127464187103,"_runtime":1402.401590559,"Train Accuracy":0.9570112691815856,"_step":7032}