{"train_losses": [5.732648849487305, 0.8417218796492834, 0.3455409897225244, 0.23075554612548022, 0.17395153584608172, 0.13850838433501667, 0.11551567330283176, 0.09946509240055014, 0.08661199122895975, 0.07698898477402515, 0.0696622997903458, 0.06326854816429674, 0.05769321807713358, 0.053257969292727386, 0.04971106123392888, 0.046198438268566525, 0.04332591805322353, 0.04095244343080615, 0.0384682869795983, 0.03645471424675039, 0.03480555119798689, 0.03314761687138194, 0.03148078698058461, 0.03009943602745472, 0.029011021860371113, 0.02769275073677216, 0.026643657351168935, 0.025770387709174662, 0.024729190219999753, 0.023866510473274566, 0.02319253620466193, 0.02244294564270269, 0.021621790878072044, 0.020974468317932447, 0.02045792150174522, 0.01977239367906113, 0.019223502568514024, 0.018797797832626174, 0.018212631356834947, 0.017741445238360926, 0.017386650625848397, 0.01696132382515827, 0.01647006188016421, 0.016087400172702417, 0.01580229201612396, 0.015371265765453215, 0.015038199725253443, 0.01479143450035631, 0.01441020520129946, 0.014116134998381293, 0.013834100211288936], "train_accs": [0.0, 0.4890086894132653, 0.49830729166666665, 0.4991786858974359, 0.4997409119897959, 0.5006911057692308, 0.5005008012820513, 0.497867506377551, 0.4975861378205128, 0.4987980769230769, 0.4992492793081358, 0.5028300382653061, 0.5005408653846154, 0.5009114583333333, 0.5011260363520408, 0.4996995192307692, 0.4986678685897436, 0.49802694515306123, 0.5020232371794872, 0.4983573717948718, 0.5008408071748879, 0.4997010522959184, 0.5031650641025641, 0.4990284455128205, 0.5004185267857143, 0.497646233974359, 0.5002704326923076, 0.5026606345663265, 0.5014322916666667, 0.5029547275641025, 0.49947950032030747, 0.5004683514030612, 0.50078125, 0.5002504006410257, 0.5023417570153061, 0.5012620192307692, 0.5010817307692308, 0.5010064572704082, 0.5026342147435897, 0.5014523237179487, 0.5008107783472133, 0.4997708067602041, 0.5026943108974359, 0.5013421474358974, 0.5000597895408163, 0.5018830128205128, 0.4997596153846154, 0.5032684948979592, 0.5024138621794871, 0.5030248397435897, 0.50559401159047], "val_accs": [0.0, 0.5028, 0.5028, 0.5, 0.4972, 0.4972, 0.5028, 0.4972, 0.4972, 0.4972, 0.4972, 0.5028, 0.4994, 0.4972, 0.5028, 0.4972, 0.4968, 0.4966, 0.5118, 0.502, 0.5028, 0.502, 0.5052, 0.4972, 0.5028, 0.5028, 0.4972, 0.5028, 0.4972, 0.4972, 0.4972, 0.497, 0.5114, 0.5028, 0.4972, 0.5, 0.5028, 0.501, 0.4968, 0.5116, 0.5028, 0.507, 0.503, 0.5042, 0.493, 0.5114, 0.503, 0.5108, 0.5014, 0.512, 0.5104]}