{"train_losses": [13.237335205078125, 3.034375229455016, 0.9219739090076868, 0.43358453752949283, 0.22785351091795894, 0.14342060043648866, 0.09271211848107926, 0.05469298167936609, 0.03188391854339443, 0.020639706141844103, 0.01386404695850198, 0.010178184790933477, 0.0074747559407314776, 0.006066393742789501, 0.004663704467903633, 0.0037329036370857497, 0.0031307175054280196, 0.0026157888272650143, 0.002113985910247194, 0.0017899908201941589, 0.0015923689553991958, 0.001226772835114104, 0.0011496774350581891, 0.0009490997215950143, 0.0008177278297376772, 0.0006969718996806559, 0.000626286549635526, 0.0005474416812527171, 0.00047932691672321185, 0.0003998214686985753, 0.000362481426324092, 0.0002695200867665515, 0.00026618286516191147, 0.00022067402002915896, 0.00019922411632860318, 0.00018467350518278653, 0.00014590926812533379, 0.0001392613490291966, 0.00012080092957521014, 0.0001047542189007522, 9.571051455557384e-05, 7.616077324767845e-05, 6.871557105020262e-05, 6.516730195163996e-05, 5.6211196698074015e-05, 5.3510320908932377e-05, 4.909240571287333e-05, 4.683736933647541e-05, 4.2647622628465163e-05, 4.221874682246325e-05, 4.181208586394787e-05], "train_accs": [0.0, 0.0, 0.0, 0.0006098048624440179, 0.008032570422535211, 0.02383237364043506, 0.04913572343149808, 0.09909828854766475, 0.1639524647887324, 0.24211252399232247, 0.3190220870678617, 0.3817178502879079, 0.44575264084507044, 0.49077295265515036, 0.5403229033290653, 0.5824336212412028, 0.6128361075544174, 0.6485424664107485, 0.6835287291933418, 0.7102027351247601, 0.7271026728553137, 0.7663547664747281, 0.7809899167733675, 0.8008337332053743, 0.8174815941101152, 0.8346928982725528, 0.8473911651728553, 0.8572956653870761, 0.8712387964148528, 0.8875959692898272, 0.8944462227912933, 0.914427383237364, 0.9165432938540333, 0.9263935540627, 0.9312179897567221, 0.9365902911068458, 0.9466529289372599, 0.9478766794625719, 0.9543854033290653, 0.958193378119002, 0.9615977112676056, 0.9688399712092131, 0.9718209827144686, 0.9724288227767115, 0.9756121959026889, 0.9758077415227128, 0.9774727912932138, 0.9783769193857965, 0.9805137644046095, 0.9800863723608445, 0.980281069827034], "val_accs": [0.0, 0.0, 0.0, 0.0028, 0.0152, 0.0358, 0.0676, 0.1278, 0.1902, 0.2642, 0.3918, 0.435, 0.4738, 0.451, 0.6076, 0.6474, 0.5078, 0.6944, 0.7152, 0.7252, 0.7788, 0.8316, 0.7874, 0.812, 0.847, 0.8372, 0.8688, 0.8708, 0.8718, 0.8994, 0.918, 0.9274, 0.94, 0.9302, 0.9352, 0.9462, 0.95, 0.954, 0.9594, 0.9654, 0.967, 0.9726, 0.9732, 0.9708, 0.9762, 0.9768, 0.9764, 0.9784, 0.9794, 0.9802, 0.9796]}