{"Validation Loss":0.000638522384542739,"Train Loss":0.0001824884151797686,"Validation Accuracy":0.997,"_step":7032,"Step":7032,"_wandb":{"runtime":1626},"Train Accuracy":0.9893002717391305,"_timestamp":1.732180748277513e+09,"_runtime":1626.560725481}