{"Validation Accuracy":0,"_wandb":{"runtime":158},"Train Loss":13.746675491333008,"Step":0,"Validation Loss":13.81932806968689,"_step":0,"Train Accuracy":0,"_timestamp":1.732548098925098e+09,"_runtime":158.172026666}