{"train_losses": [0.01051111239939928, 0.024525110347560424, 0.009600721804610909, 0.0048920266336199445, 0.0025735631131079055, 0.0016291693676102948, 0.0011522158692173993, 0.0008918416993037016, 0.0006673576420639679, 0.0004854127464187103], "train_accs": [0.875, 0.7832680626598465, 0.8199423815620999, 0.8590649007682458, 0.8993477912932138, 0.9206661604859335, 0.9311379641485276, 0.9379801536491678, 0.9473531530089628, 0.9570112691815856], "val_accs": [0.8598, 0.7456, 0.8738, 0.8912, 0.9188, 0.9222, 0.9402, 0.9488, 0.9632, 0.9722]}