{"Validation Loss":0.03918246440589428,"Step":3887,"_runtime":56424.172699978,"_wandb":{"runtime":56424},"_step":3887,"_timestamp":1.7321392153232105e+09,"Validation Accuracy":0.6494,"Train Loss":0.00019321309540558745,"Train Accuracy":0.6426809210526315}