{"train_losses": [13.776559829711914, 2.6770224495769464, 0.9278402682763219, 0.5822141589729942, 0.42246876766425745, 0.33378696821569925], "train_accs": [0.0, 0.0, 0.0, 0.0, 0.0, 0.0], "val_accs": [0.0, 0.0, 0.0, 0.0, 0.0, 0.0]}