{"Train Loss":0.00029297308124544676,"Validation Accuracy":0.598,"_runtime":37743.719952194,"Step":1954,"_wandb":{"runtime":37743},"Validation Loss":0.02871326431632042,"_timestamp":1.7325861468326027e+09,"Train Accuracy":0.614453125,"_step":1954}