{"train_losses": [13.13498306274414, 2.691563292785927, 0.788175502244164, 0.1772062247241738, 0.021370589244522044, 0.011126439747693229, 0.006619073081531995, 0.003578748506999539, 0.0019523428246161973, 0.0011197148073270238], "train_accs": [0.0, 0.0, 0.002230713828425096, 0.1299315781049936, 0.4628881241997439, 0.5628996163682864, 0.668944062099872, 0.7952144686299616, 0.8902348751600512, 0.9322650255754475], "val_accs": [0.0, 0.0, 0.0246, 0.3678, 0.5272, 0.619, 0.7254, 0.7788, 0.928, 0.9572]}