{"Validation Accuracy":0,"_runtime":42.546327123,"_wandb":{"runtime":42},"Validation Loss":6.0562578816957116,"_step":79,"Train Loss":13.716885024309159,"Train Accuracy":0,"_timestamp":1.7321608749520755e+09,"Step":79}