{"train_losses": [7.9307451248168945, 3.0889656408058714, 1.0157935210930866, 0.6555057136863501, 0.4746074448812677, 0.35788268575529203, 0.28550968357320533, 0.23688973681082595, 0.19860494095805586, 0.16735483687349825, 0.1408967832192773, 0.11879193412466292, 0.09924071804376407, 0.08031909536737925, 0.06293726958093314, 0.049797176780734864, 0.03864642113481759, 0.029786975512149517, 0.022802225552954393, 0.017508081073686944, 0.01362358794855555, 0.010935767497380313, 0.009162618725978693, 0.007892171714816959, 0.006786526022532829, 0.005918946948734776, 0.005191276908215736, 0.004538751796010507, 0.00409143178740931, 0.003667612881331251, 0.0033204015953925163, 0.002970579265763707, 0.002727534871915944, 0.0024908333901206402, 0.00229334165662784, 0.002125235719549368, 0.0019702634393132545, 0.0018350214710597715, 0.001718867346930499, 0.00159279714084037, 0.0015109082230724195, 0.00141370593947912, 0.0013261984735618321, 0.00126503702952763, 0.0012107081748680092, 0.0011512861344534697, 0.0011168928176614093, 0.0010883852079183807, 0.0010655736829957615, 0.0010240592348229396, 0.0009994396099805832], "train_accs": [0.0, 0.0, 0.0, 0.0, 0.0, 0.0, 0.0, 0.0, 0.0, 0.0, 0.0, 9.996801023672424e-06, 0.0002500800256081946, 0.0010396673064619322, 0.0034511043533930856, 0.008747200895713372, 0.01806578104993598, 0.04039707293666027, 0.07466389244558258, 0.11670265515035189, 0.1576904609475032, 0.1981565898912348, 0.22743277848911653, 0.2555482245681382, 0.2819802336747759, 0.30717170505438257, 0.3269146126760563, 0.3530370281509917, 0.3721290813060179, 0.3926943378119002, 0.4110915492957746, 0.43374120281509915, 0.44727312740076824, 0.4662507997440819, 0.4798435499359795, 0.4934021113243762, 0.5059919174135723, 0.5188639635316699, 0.5300196062740077, 0.543396113243762, 0.5499359795134443, 0.5599708093410108, 0.5703525128040973, 0.5781649872040947, 0.583586747759283, 0.5898712412028151, 0.5930997919334187, 0.5939499360204734, 0.5953605153649167, 0.5983985124760077, 0.5983043721973094], "val_accs": [0.0, 0.0, 0.0, 0.0, 0.0, 0.0, 0.0, 0.0, 0.0, 0.0, 0.0, 0.0, 0.0004, 0.0012, 0.004, 0.0092, 0.025, 0.0474, 0.104, 0.154, 0.1612, 0.2, 0.244, 0.294, 0.286, 0.309, 0.3008, 0.3622, 0.3692, 0.37, 0.4422, 0.437, 0.47, 0.4696, 0.4976, 0.5028, 0.458, 0.5308, 0.5466, 0.5558, 0.5524, 0.5824, 0.5728, 0.5898, 0.5882, 0.5924, 0.5898, 0.5968, 0.5974, 0.601, 0.6012]}