{"train_losses": [3.061302661895752, 0.7988208435513646, 0.34583975739625034, 0.23070049864673128, 0.17390517820039167, 0.1386176889537546, 0.11548834104163974, 0.0993629306054098, 0.08658577962909512, 0.07695693058883554, 0.06960433858739751, 0.06328123181656536, 0.05773770585592649, 0.053267332288703784, 0.04975066813927826, 0.046239394730142484, 0.043307350758435746, 0.040948939276789095, 0.03848040659635022, 0.036469825139881756, 0.034802656324356834, 0.03313278080339699, 0.031480181633039964, 0.03010568333679895, 0.028988377152412235, 0.027694155727797144, 0.026638401936555655, 0.025763141424429557, 0.024727213321722043, 0.023877225120757146, 0.02318719158029467, 0.022442162361529072, 0.021636284480355667, 0.020973986277267497, 0.02046197263525338, 0.019772739028721526, 0.019223746867068032, 0.018804357706667923, 0.018212553612344064, 0.017746239763719644, 0.017389038098015504, 0.01696276648369202, 0.01647531726991224, 0.016092731621270236, 0.01580649760590416, 0.015377313901761567, 0.015043047487914782, 0.014797353452486258, 0.014415878375201845, 0.014122397414075488, 0.013840190427208143], "train_accs": [0.0, 0.4800601881377551, 0.5001302083333333, 0.49778645833333335, 0.4987643494897959, 0.5013621794871795, 0.49862780448717947, 0.5005680006377551, 0.49955929487179485, 0.500761217948718, 0.4967068385650224, 0.49966119260204084, 0.49549278846153844, 0.5001402243589743, 0.49973094706632654, 0.49939903846153844, 0.5020132211538462, 0.49891382334183676, 0.5006510416666666, 0.49792668269230766, 0.5015715086483024, 0.499691087372449, 0.4983974358974359, 0.5021334134615385, 0.4998804209183674, 0.49984975961538464, 0.49860777243589743, 0.5010562818877551, 0.5006209935897435, 0.5016125801282051, 0.5027025944907111, 0.5015445631377551, 0.4959835737179487, 0.5000701121794872, 0.49874441964285715, 0.5028745993589744, 0.5001001602564102, 0.5008669483418368, 0.4996895032051282, 0.5022435897435897, 0.5037235746316464, 0.5017936862244898, 0.5011318108974359, 0.5022536057692307, 0.5012854751275511, 0.5009615384615385, 0.5024739583333333, 0.5013552295918368, 0.5008713942307692, 0.5018129006410257, 0.5025454764971024], "val_accs": [0.0, 0.5028, 0.497, 0.5064, 0.511, 0.4972, 0.5042, 0.4972, 0.5028, 0.5052, 0.4972, 0.5028, 0.5028, 0.4972, 0.5028, 0.505, 0.4972, 0.5028, 0.5028, 0.5028, 0.5028, 0.4972, 0.5028, 0.5038, 0.4972, 0.5028, 0.5028, 0.4972, 0.4972, 0.4988, 0.5036, 0.4974, 0.4968, 0.5028, 0.5028, 0.4982, 0.4972, 0.4972, 0.5022, 0.5044, 0.5006, 0.514, 0.5036, 0.5028, 0.502, 0.5034, 0.5062, 0.5044, 0.5108, 0.5148, 0.5088]}