{"train_losses": [13.416943550109863, 2.911221817687706, 0.924166934721915, 0.4162872022657252, 0.18457904887062115, 0.084034042347112, 0.02895986443549541, 0.014612649283090936, 0.009019989390394017, 0.005567339539621118], "train_accs": [0.0, 0.0, 0.0, 0.013014164532650448, 0.04962588028169014, 0.12038443094629156, 0.30194662291933416, 0.4451624519846351, 0.5480353713188221, 0.6399856138107417], "val_accs": [0.0, 0.0, 0.0, 0.0358, 0.0824, 0.2106, 0.3532, 0.5098, 0.6076, 0.6702]}