{"train_losses": [12.986029624938965, 2.8094921387217537, 0.9254205987686845, 0.4915877873771962, 0.2378251197776343, 0.1369655243432641, 0.08789105565563708, 0.06217845752106494, 0.04784701607120713, 0.039162097742465304, 0.033903623582839965], "train_accs": [0.0, 0.0, 0.0, 0.00032989443378119, 0.008022567221510884, 0.028350927703134996, 0.05747839308578745, 0.08346329174664108, 0.10172255121638925, 0.11199416186820217, 0.12205717488789238], "val_accs": [0.0, 0.0, 0.0, 0.0022, 0.0166, 0.0464, 0.0682, 0.0802, 0.1056, 0.1196, 0.1202]}