{"_runtime":852.727237299,"Step":14844,"Train Loss":0.012618334735431587,"Validation Loss":0.21945975626571268,"Train Accuracy":0.1722351152368758,"Validation Accuracy":0.1726,"_step":14844,"_timestamp":1.7321669977101736e+09,"_wandb":{"runtime":852}}