{"Validation Accuracy":0,"_runtime":108.087383811,"_wandb":{"runtime":108},"Train Accuracy":0,"Step":1094,"Validation Loss":2.069115744361395,"_timestamp":1.7321633440315692e+09,"_step":1094,"Train Loss":0.14949570028749232}