{"_timestamp":1.732162806051517e+09,"Validation Accuracy":0.4258,"Step":3887,"_wandb":{"runtime":1210},"_step":3887,"Train Accuracy":0.45148026315789475,"Validation Loss":0.12098484747111797,"Train Loss":0.000539782520291614,"_runtime":1210.40761868}