{"Train Accuracy":0,"_step":391,"Validation Accuracy":0,"_runtime":5719.638693664,"Train Loss":0.11735426406471097,"Validation Loss":2.4092111229896545,"_wandb":{"runtime":5719},"_timestamp":1.7320830112721503e+09,"Step":391}