{"train_losses": [24.20357894897461, 3.0571846293518914, 0.664446610292409, 0.14010897725915877, 0.047244066673171096, 0.01807232150993431, 0.008746081697174472, 0.005052002028243117, 0.003332466565837799, 0.002304900435971062, 0.0016390014638053604, 0.001192218274992282, 0.000936490387400154, 0.0007218547874567958, 0.0005685936157407046, 0.0004535828429339862, 0.0003416917284410543, 0.0002802452524857361, 0.00021265719680411092, 0.00015936325326313766, 0.00014068286561923516, 0.00011093542820580363, 9.554064796165015e-05, 6.930574804944872e-05, 5.584923958405064e-05, 5.9429504463570515e-05, 4.388171569424868e-05, 3.8115280797902315e-05, 2.867469687474998e-05, 2.5836120344262822e-05, 1.831224511659944e-05, 1.5013078549665551e-05, 1.139112489064663e-05, 1.2671523127081688e-05, 8.323126240008889e-06, 7.626926801366109e-06, 6.442565153713493e-06, 5.102892850849167e-06, 4.1868450196254206e-06, 3.008999903364373e-06, 2.0822522965520034e-06, 1.6977061664971545e-06, 1.0708332410098865e-06, 1.1639647162098447e-06, 7.475981957407583e-07, 6.408708379163188e-07, 6.484089985475488e-07, 5.111651606305827e-07, 4.413504509532656e-07, 4.863375573269481e-07, 4.475872314535081e-07], "train_accs": [0.0, 0.0, 0.008152608834827145, 0.11744241842610365, 0.26665532970550576, 0.4443578055022393, 0.5835167253521126, 0.6727747120921305, 0.7331946222791293, 0.7837392034548945, 0.8219430217669654, 0.8541766634676904, 0.875730233674776, 0.8971129238643634, 0.9127720870678617, 0.9245141554702495, 0.9410011203585147, 0.9499460172744721, 0.9599371798975672, 0.968200175943698, 0.9711507682458387, 0.9775671785028791, 0.9794834346991037, 0.9841650671785028, 0.986785771446863, 0.9862244081893794, 0.9889064500640204, 0.990143154190659, 0.9926176376440461, 0.9928123000639796, 0.9945482554417413, 0.9957713531669866, 0.9965388924455826, 0.9960712571976967, 0.9972291133162612, 0.9974408189379399, 0.9978693181818182, 0.9982805502239284, 0.998689580665813, 0.9989603326935381, 0.9992497599231754, 0.99951015674984, 0.9996698943661971, 0.9996201215611005, 0.9998099391805377, 0.9998200575815739, 0.9998699583866837, 0.9998800383877159, 0.9998999679897568, 0.9999100287907869, 0.9999199231262011], "val_accs": [0.0, 0.0, 0.0422, 0.1988, 0.3778, 0.5128, 0.628, 0.7266, 0.779, 0.8188, 0.864, 0.8692, 0.9028, 0.9264, 0.9256, 0.9334, 0.956, 0.97, 0.9804, 0.984, 0.9788, 0.9708, 0.9874, 0.992, 0.9802, 0.9924, 0.9924, 0.9936, 0.9936, 0.9966, 0.993, 0.9974, 0.9984, 0.9986, 0.9984, 0.998, 0.9988, 0.9996, 0.9992, 0.9994, 0.9996, 0.9994, 0.9996, 0.9998, 0.9998, 0.9996, 0.9998, 0.9998, 0.9998, 0.9998, 0.9998]}