{"train_losses": [0.04215160757303238, 0.054034782699660173, 0.019673063794908394, 0.010175020464940239, 0.007432492655747816, 0.003685681511597477, 0.0030156819916122325, 0.002261970980838622, 0.0016298423461029623, 0.0012878779434533699], "train_accs": [0.625, 0.6246803069053708, 0.692411571702945, 0.7451984635083226, 0.7674955985915493, 0.8327705402813299, 0.8380981914212549, 0.8553837227912933, 0.8802616837387964, 0.8934722666240409], "val_accs": [0.6702, 0.665, 0.699, 0.7762, 0.8086, 0.7852, 0.8106, 0.8204, 0.8924, 0.8924]}