{"_wandb":{"runtime":908},"Validation Loss":0.19230482717858086,"Step":15313,"Train Accuracy":0.20876597444089456,"_runtime":908.433104273,"_timestamp":1.7321645981334746e+09,"Validation Accuracy":0.2364,"_step":3828,"Train Loss":0.004259883537178206}