{"train_losses": [20.712724685668945, 2.605851071798588, 0.5544265023100781, 0.04077132859446647, 0.013180475651626682, 0.008250643178584144, 0.005527187931254417, 0.003364257780873004, 0.002021977571741792, 0.0014548266806118709, 0.0009740956899355136, 0.00060155183152157, 0.0002995540116502789, 0.00023644803772598672, 0.00018557158892210056, 0.00012908764864969847, 0.00010367327212064315, 8.854496836534071e-05, 7.530642022027303e-05, 6.164485693739222e-05, 3.116605904941922e-05, 5.60585180692009e-05, 2.7546548895061205e-05, 4.6478581224377165e-05, 1.837569788686487e-05, 2.1972511124070534e-05, 1.5116618751913363e-05, 1.6839027623042155e-05, 1.408762851702211e-05, 7.385114702363347e-06, 1.0599979212228246e-05, 5.957874569603475e-06, 4.746157186491222e-06, 1.910830943692427e-06, 5.047089542227364e-06, 1.472514715984024e-06, 1.4522609291084337e-06, 1.9821879258566645e-06, 7.259870477382149e-07, 1.948198507883667e-06, 9.147395625072333e-07, 3.863377138805753e-07, 3.0555706097648094e-07, 2.0150448720466195e-07, 2.358317557973986e-07, 1.6265819411409615e-07, 1.5500832747710465e-07, 2.1015365682859427e-07, 1.8572086082414902e-07, 1.914105337089237e-07, 2.0231655270326884e-07], "train_accs": [0.0, 0.0, 0.018665973111395645, 0.37357045745361483, 0.5433338668373879, 0.6008677223288548, 0.6649327784891165, 0.7501499520153551, 0.8224131722151088, 0.8562859884836852, 0.8970670614596671, 0.936830214331414, 0.9691801376440461, 0.9754878438899552, 0.9808238636363636, 0.9859944817658349, 0.9878461107554417, 0.9897732725527831, 0.9903669174135723, 0.9916226807421625, 0.9951784571062741, 0.9911028470889316, 0.9955485755441741, 0.993012236084453, 0.9972991357234315, 0.9963011836212412, 0.996979033290653, 0.9966810620601407, 0.9974491837387964, 0.9986704254638515, 0.9979393405889885, 0.9988203774792066, 0.9990697023047375, 0.9996001279590531, 0.998749599871959, 0.9997200895713372, 0.9997699263764405, 0.9995201535508638, 0.9998099391805377, 0.9996701055662188, 0.9997999359795134, 0.999940019193858, 0.9999799935979513, 0.9999800063979527, 0.9999499839948783, 0.9999900031989764, 0.9999899967989757, 0.9999700095969289, 0.9999499839948783, 0.9999800063979527, 0.9999599615631006], "val_accs": [0.0, 0.0, 0.1654, 0.4818, 0.5694, 0.6316, 0.661, 0.7998, 0.8554, 0.8924, 0.925, 0.8982, 0.981, 0.9912, 0.9874, 0.9944, 0.994, 0.99, 0.9924, 0.9952, 0.9856, 0.9968, 0.9938, 0.9984, 0.999, 0.9956, 0.9986, 0.9976, 0.9964, 0.999, 0.9984, 0.9998, 0.9992, 0.9996, 0.9976, 1.0, 0.9988, 0.9992, 0.9998, 0.9998, 0.9998, 1.0, 1.0, 1.0, 1.0, 1.0, 1.0, 1.0, 1.0, 1.0, 1.0]}