{"_runtime":861.223128573,"_wandb":{"runtime":861},"Train Loss":0.005567339539621118,"_step":7032,"Validation Accuracy":0.6702,"Validation Loss":0.04255737904459238,"Step":7032,"Train Accuracy":0.6399856138107417,"_timestamp":1.7321684953001459e+09}