{"train_losses": [23.56723403930664, 2.7958071321782554, 0.6631638026168846, 0.11807626783911367, 0.016666724988864415, 0.009266195444774911, 0.005510629891873252, 0.0019366100960003236, 0.0010627547343014276, 0.0007553115404679228, 0.0005036606622811738, 0.00034411024847125324, 0.00028869361495121345, 0.0002082839876463742, 0.00017816228294288878, 0.0001559363215027832, 0.0001194855141060503, 8.240062707872769e-05, 8.914811343500119e-05, 5.705392967638038e-05, 6.811037924274716e-05, 3.833965846729768e-05, 4.5677878155569776e-05, 2.8293171622517618e-05, 2.737518975692e-05, 2.643609269561787e-05, 1.8371997621165403e-05, 1.7387944861777877e-05, 1.4079032966974045e-05, 9.286453606175828e-06, 8.426144119052601e-06, 6.516208755766012e-06, 5.974391002612242e-06, 6.341983777513928e-06, 3.688947653900563e-06, 2.8446853138428266e-06, 2.6865835020111757e-06, 2.129940676767007e-06, 1.09866551363272e-06, 1.3989670409475818e-06, 1.074849177571467e-06, 4.13530547173711e-07, 6.197461040498224e-07, 2.879646961972807e-07, 4.297426622552223e-07, 3.3185211337034344e-07, 2.4142715193598475e-07, 2.0400206390641927e-07, 1.9221915171398734e-07, 1.7039683772829966e-07, 1.4978838500101118e-07], "train_accs": [0.0, 0.0, 0.00560179257362356, 0.1952975047984645, 0.5139444622279129, 0.5830534229046705, 0.6790072823303457, 0.8825775751759437, 0.932008242637644, 0.946896992962252, 0.9613376280409731, 0.9706293985924505, 0.9730413732394366, 0.9787168106206015, 0.9808538732394366, 0.9818957933461292, 0.9845550576184379, 0.9893134197056942, 0.988066181177977, 0.9920525431861804, 0.9896666933418694, 0.9941318777991043, 0.9923775608194623, 0.9947016954574536, 0.9946182778489117, 0.9952215291106846, 0.9964588668373879, 0.9967710332693538, 0.9972791293213829, 0.9979606525911708, 0.9981494078104993, 0.9986404350607806, 0.9986295614596671, 0.9985804542546385, 0.9992097471190781, 0.9992502399232246, 0.9993798015364916, 0.999390195137556, 0.9996899007682458, 0.9995301503518874, 0.9997699263764405, 0.9999100287907869, 0.9999099711907811, 0.9999500159948816, 0.9999199743918054, 0.999940019193858, 0.999969990396927, 0.9999600127959053, 0.9999499839948783, 0.9999700095969289, 0.9999799807815503], "val_accs": [0.0, 0.0, 0.035, 0.4362, 0.5744, 0.5918, 0.816, 0.9172, 0.9504, 0.9456, 0.9834, 0.9734, 0.9808, 0.985, 0.9808, 0.9908, 0.995, 0.9982, 0.992, 0.9972, 0.9854, 0.9978, 0.9938, 0.998, 0.9988, 0.9986, 0.9978, 0.9994, 0.9994, 0.9996, 0.9996, 0.9992, 0.9994, 0.998, 0.9952, 0.996, 0.9992, 0.9998, 0.9998, 0.9998, 1.0, 1.0, 1.0, 1.0, 1.0, 1.0, 1.0, 1.0, 1.0, 1.0, 1.0]}