{"Train Loss":14.02527904510498,"_runtime":77.82644607,"Step":0,"Validation Loss":13.960922622680664,"_timestamp":1.732076540984979e+09,"Validation Accuracy":0,"_step":0,"_wandb":{"runtime":77},"Train Accuracy":0}