{"train_losses": [4.251291751861572, 0.8070281970924532, 0.3460127863348747, 0.23093907816852785, 0.174192166191408, 0.1384471001556802, 0.11544216837724457, 0.0994866011001665, 0.08675260815169196, 0.07699298008115811, 0.06960029379486123, 0.06327196909959014, 0.057705619578064755, 0.0532676775311917, 0.049719216508241654, 0.04616434296839559, 0.04330552417247639, 0.0409625835387132, 0.038476646539499434, 0.036445177070156376, 0.03478674963021346, 0.03313689844617019, 0.031473417309827584, 0.030109821371029695, 0.028996047105039013, 0.027703216524334946, 0.026636255101832883, 0.025769194543237416, 0.024729278330740175, 0.023879376367767883, 0.023192242715579545, 0.022445199709557172, 0.021629443641741283, 0.020981081161670564, 0.02046454969970152, 0.019775552620664674, 0.019225192781704575, 0.018803327859412453, 0.018214585596167298, 0.017745460539160714, 0.01738982491440155, 0.01696491495107691, 0.01647680864958038, 0.016091878359110374, 0.015807383974591915, 0.015377306412208181, 0.015042496610767307, 0.014797007213420173, 0.014415602071453005, 0.014122507460123565, 0.013840544290894008], "train_accs": [0.0, 0.48489317602040816, 0.4983673878205128, 0.5017628205128205, 0.4999402104591837, 0.49981971153846155, 0.500380608974359, 0.5014548788265306, 0.49954927884615385, 0.4988581730769231, 0.5013613068545804, 0.5009665975765306, 0.4992588141025641, 0.49931891025641023, 0.5001694036989796, 0.500010016025641, 0.4993489583333333, 0.5012157206632653, 0.4991085737179487, 0.5013421474358974, 0.49880885650224216, 0.4993522799744898, 0.5012319711538461, 0.4977263621794872, 0.4985849808673469, 0.4972255608974359, 0.5014523237179487, 0.5006277901785714, 0.500771233974359, 0.4994090544871795, 0.5017516816143498, 0.5007672991071429, 0.49984975961538464, 0.49752604166666664, 0.49887396364795916, 0.5032351762820513, 0.49939903846153844, 0.4983757174744898, 0.4994491185897436, 0.5024739583333333, 0.5001201153106982, 0.4995814732142857, 0.4998397435897436, 0.5047776442307692, 0.5031489158163265, 0.5017528044871795, 0.5049579326923077, 0.504035794005102, 0.5020733173076923, 0.5021534455128205, 0.5022134578235673], "val_accs": [0.0, 0.5002, 0.5118, 0.5042, 0.507, 0.5032, 0.4972, 0.5028, 0.5026, 0.4972, 0.4972, 0.5044, 0.5058, 0.5028, 0.5028, 0.4972, 0.4972, 0.5028, 0.504, 0.5028, 0.4972, 0.4974, 0.5048, 0.509, 0.5028, 0.5032, 0.51, 0.5028, 0.4992, 0.499, 0.5056, 0.5036, 0.5132, 0.5026, 0.5, 0.4992, 0.5044, 0.4984, 0.5002, 0.5028, 0.4978, 0.4976, 0.5102, 0.4972, 0.5026, 0.4998, 0.5026, 0.506, 0.5058, 0.5044, 0.5096]}