{"Step":0,"_wandb":{"runtime":225},"Train Loss":26.58521842956543,"_timestamp":1.7320760126370723e+09,"_runtime":225.077176771,"Validation Loss":26.457968616485594,"Train Accuracy":0,"Validation Accuracy":0,"_step":0}