{"Validation Loss":2.876323878010617,"_step":156,"Train Accuracy":0,"Validation Accuracy":0,"_timestamp":1.732166141232371e+09,"Step":625,"Train Loss":1.6421163093548614,"_runtime":66.600195917,"_wandb":{"runtime":66}}