{"train_losses": [13.262711524963379, 3.0348890015231373, 0.9208319150936276, 0.5406889171075607, 0.3272549153480353, 0.20603140280897855, 0.12180112128753101, 0.057029076622798526, 0.019996150335748905, 0.008548713831148354, 0.005313047970544166, 0.003530487282504738, 0.0026685193529309135, 0.001986873107408945, 0.0015360319905710527, 0.0011450494409714945, 0.0008947931220643599, 0.0007452089146404091, 0.000572356875530034, 0.00044779004515080784, 0.00037650366849867236, 0.00031393454734114754, 0.00026972449497651745, 0.00022708369158504308, 0.00018530829624228157, 0.00017256159830163792, 0.0001371559443264894, 0.00011883785182041347, 9.936353990659483e-05, 9.407247716204207e-05, 7.627584082451057e-05, 5.802533298677361e-05, 5.311700309345663e-05, 4.3986561091167345e-05, 4.0489134827366094e-05, 3.406275708633748e-05, 2.4791034456467776e-05, 2.401343043627738e-05, 1.8391821784072893e-05, 1.7665415801156772e-05, 1.5096892588525306e-05, 9.736149115122464e-06, 8.267277462656018e-06, 7.5706621139443455e-06, 5.60951255436151e-06, 5.468857660774724e-06, 4.759308032548212e-06, 4.723963577140259e-06, 4.363532919097358e-06, 4.005897339071642e-06, 3.9272303181700405e-06], "train_accs": [0.0, 0.0, 0.0, 0.0, 7.00224071702945e-05, 0.01323576455534229, 0.06479073303457106, 0.1557401631477927, 0.3445402528809219, 0.5119661708253359, 0.5935599391805377, 0.6636676263595649, 0.7109475032010243, 0.7564979206653871, 0.7945942701664532, 0.8329734484964811, 0.8619158130601793, 0.881347968650032, 0.9026888604353394, 0.9197656749840051, 0.928957266325224, 0.9377899072296865, 0.9446322823303457, 0.9513755598208573, 0.9577264724711908, 0.9598128598848369, 0.9666393245838668, 0.9704694497760716, 0.9736815781049936, 0.9744181861804223, 0.9789932778489117, 0.9829354606525912, 0.9840048815620999, 0.986114443378119, 0.9876060339308579, 0.9890335092770314, 0.9917773687580026, 0.9916226807421625, 0.9935879481434059, 0.9936120441458733, 0.994508242637644, 0.9967710332693538, 0.9970090428937259, 0.9972808701215611, 0.9979393405889885, 0.9979606525911708, 0.9984495038412292, 0.9984504958413307, 0.9985195262483995, 0.9985404670505438, 0.9986286835361947], "val_accs": [0.0, 0.0, 0.0, 0.0, 0.0006, 0.036, 0.094, 0.2402, 0.4296, 0.5634, 0.6318, 0.633, 0.7218, 0.8058, 0.7726, 0.861, 0.882, 0.9118, 0.9072, 0.9484, 0.9372, 0.9178, 0.9266, 0.9428, 0.9578, 0.9644, 0.9744, 0.9738, 0.9798, 0.9804, 0.9846, 0.9832, 0.9834, 0.983, 0.9852, 0.9868, 0.9922, 0.9928, 0.992, 0.9926, 0.9944, 0.995, 0.9948, 0.995, 0.9964, 0.9956, 0.9952, 0.9962, 0.9964, 0.996, 0.9962]}