{"Validation Accuracy":0.426,"Train Accuracy":0.40604967948717946,"_runtime":593.257223827,"Train Loss":0.0016738168275686723,"Validation Loss":0.09271919596940278,"_wandb":{"runtime":593},"Step":2344,"_step":2344,"_timestamp":1.7321615062959006e+09}