{"train_losses": [24.15688705444336, 2.9174600867019302, 0.6433046758556, 0.07981948128450654, 0.019574797175400394, 0.009394449502145805, 0.005665044966623533, 0.0037073366762814834, 0.0025393575776461942, 0.001982452836775956], "train_accs": [0.0, 0.0, 0.0074723911651728555, 0.21656930217669654, 0.4956085947503201, 0.6304647538363172, 0.7105373719590269, 0.7655249679897568, 0.8072883322663252, 0.8305027173913043], "val_accs": [0.0, 0.0, 0.0548, 0.3608, 0.5928, 0.6734, 0.7174, 0.7014, 0.8432, 0.8598]}