{"train_losses": [7.3788886070251465, 2.872988590651461, 0.9958559531701808, 0.6427453914973039, 0.46217718642724076, 0.3417435829554612, 0.2575697938024794, 0.2005632361542733, 0.14938922721227163, 0.10551094444758927, 0.07763810111544707, 0.057356853408889484, 0.04053443886904289, 0.02885389204474548, 0.02060080429651136, 0.01581682278219, 0.01235511204449302, 0.009790160797986258, 0.007787300151259752, 0.0063353387287653305, 0.0052648182616363975, 0.004340093735449492, 0.0038088059897235667, 0.003235629597792439, 0.0028510247942665503, 0.0024673717543513296, 0.002204219209451986, 0.0019364165235644126, 0.0017077348692427063, 0.0015104216531566237, 0.0013330364318098675, 0.0011417356261526263, 0.0010530689427597933, 0.0009167794460121096, 0.0008471286147758542, 0.0007719237781547084, 0.0006958287179569931, 0.000636336530612601, 0.0005720824434749964, 0.0005204369132668423, 0.00048805392392858133, 0.0004438408134671693, 0.00041241793727039985, 0.0003871048046138608, 0.00036338078930091435, 0.0003480312434494068, 0.0003322068223828931, 0.00031927417345440083, 0.00030453700976291873, 0.00030096425339446267, 0.000291733648198843], "train_accs": [0.0, 0.0, 0.0, 0.0, 0.0, 0.0, 0.0, 0.0, 5.001600512163892e-05, 0.0015794945617402432, 0.009292973751600512, 0.03010036788227767, 0.0609895166453265, 0.07762515994881637, 0.08906850192061459, 0.11763235764555342, 0.15230873879641485, 0.18505078374920025, 0.23162411971830985, 0.2796405150351887, 0.32756482074263765, 0.37111124440179144, 0.40660011203585145, 0.4439779270633397, 0.4789632682458387, 0.5175943698016635, 0.5493257842509603, 0.5876919385796545, 0.6218790012804097, 0.65222128918746, 0.6852392765685019, 0.7173104606525912, 0.7321542893725992, 0.7579974408189379, 0.7703665172855314, 0.7826895393474088, 0.7982054257362355, 0.8093310140754958, 0.8196923015364916, 0.8312340051183621, 0.8393685979513444, 0.8497580774152271, 0.856504081306018, 0.8605746161228407, 0.8673375480153649, 0.8688819577735125, 0.8743798015364916, 0.8749900031989764, 0.8764904769526248, 0.8765095169545746, 0.87743233504164], "val_accs": [0.0, 0.0, 0.0, 0.0, 0.0, 0.0, 0.0, 0.0, 0.0004, 0.0066, 0.0204, 0.043, 0.0856, 0.0702, 0.0988, 0.1354, 0.1472, 0.1894, 0.274, 0.305, 0.3738, 0.3788, 0.3064, 0.459, 0.4984, 0.5368, 0.5094, 0.6004, 0.65, 0.6508, 0.625, 0.7398, 0.6336, 0.7604, 0.7714, 0.795, 0.8148, 0.81, 0.8316, 0.8394, 0.8422, 0.8488, 0.8534, 0.8606, 0.8656, 0.8692, 0.8672, 0.8738, 0.8714, 0.8738, 0.8754]}