{"train_losses": [13.262711524963379, 3.0348890015231373, 0.9208319150936276, 0.5406889171075607, 0.3272549153480353, 0.20603140280897855, 0.12180112128753101, 0.057029076622798526, 0.019996150335748905], "train_accs": [0.0, 0.0, 0.0, 0.0, 7.00224071702945e-05, 0.01323576455534229, 0.06479073303457106, 0.1557401631477927, 0.3445402528809219], "val_accs": [0.0, 0.0, 0.0, 0.0, 0.0006, 0.036, 0.094, 0.2402, 0.4296]}