{"Train Loss":0.0012878779434533699,"Step":7032,"_timestamp":1.7321791862248676e+09,"_step":7032,"_runtime":861.926186977,"_wandb":{"runtime":861},"Validation Accuracy":0.8924,"Train Accuracy":0.8934722666240409,"Validation Loss":0.010959257860668004}