{"train_losses": [12.986029624938965, 2.8091481732742865, 0.9256682549999528, 0.4877656211627269, 0.23331971985495503, 0.09363709866146251, 0.04215679114919677, 0.020993154364842274, 0.013273162814225971, 0.008178773303002339, 0.005892355477183001, 0.0038697425096375798, 0.0030724069497564286, 0.0022609036800374464, 0.0018724371633744611, 0.0014615415641682369, 0.0010683045681455885, 0.0009112854532474233, 0.0006715792559423302, 0.0006091942953015406, 0.0005234306073051684, 0.00038941034096678977, 0.0003323394874230728, 0.0002597492214138955, 0.00021966988950817935, 0.000208390025986614, 0.00015640259881548628, 0.0001381076624680976, 0.00011566478492376236, 9.664926025570481e-05, 8.568879651177102e-05, 7.323728978593398e-05, 5.132403967664852e-05, 4.3854074956334e-05, 4.3558969663784114e-05, 2.842676769439081e-05, 2.5778641169183962e-05, 1.976770532152617e-05, 1.9209621339564176e-05, 1.6192116828899545e-05, 1.0359548073675752e-05, 6.721941899259518e-06, 7.534509118907128e-06, 5.260594369813579e-06, 3.8255852737679435e-06, 3.6059096985203814e-06, 2.9438655433933934e-06, 2.57462044630818e-06, 2.4170607155930844e-06, 2.2050008749837365e-06, 2.042944898782298e-06], "train_accs": [0.0, 0.0, 0.0, 0.00012995841330774152, 0.004171334827144687, 0.04384596928982726, 0.13290252880921896, 0.26811420345489445, 0.376830585787452, 0.4934121081253999, 0.5818461907810499, 0.6710452655150352, 0.7228413092189501, 0.7583873160588611, 0.7837107874519846, 0.8225467850287908, 0.8493717989756722, 0.8645233525271913, 0.8932258322663252, 0.8987523992322457, 0.917143485915493, 0.9296325175943698, 0.9361795774647887, 0.9471069257837492, 0.9537752080665813, 0.9544645713371721, 0.9650688220230473, 0.9682801503518874, 0.9728313060179258, 0.9768474088291746, 0.9772427176696543, 0.9820057581573897, 0.9864356594110115, 0.9883537268074216, 0.9883962868117798, 0.9921825015994882, 0.9923575544174136, 0.9938719609724888, 0.9943982074263764, 0.9954014715291107, 0.9969590268886044, 0.9980706174024312, 0.9978593149807938, 0.9986504318618042, 0.9991397247119078, 0.9990203134996801, 0.9993597951344431, 0.9994101887396033, 0.9995198463508322, 0.9995801343570058, 0.9994694907110826], "val_accs": [0.0, 0.0, 0.0, 0.0014, 0.0134, 0.0912, 0.2228, 0.3408, 0.4642, 0.6062, 0.6306, 0.7786, 0.7568, 0.7766, 0.8556, 0.796, 0.91, 0.915, 0.7318, 0.923, 0.9126, 0.919, 0.905, 0.953, 0.8616, 0.9814, 0.9706, 0.9882, 0.9716, 0.9776, 0.992, 0.9948, 0.9928, 0.9956, 0.9968, 0.9962, 0.9968, 0.9966, 0.9986, 0.9972, 0.997, 0.999, 0.998, 0.9988, 0.9982, 0.9996, 0.9996, 0.9998, 0.9994, 0.9994, 0.9996]}