{"Validation Accuracy":0.9572,"_runtime":1626.934575102,"_step":7032,"_wandb":{"runtime":1626},"Validation Loss":0.0064707805053330954,"Train Loss":0.0011197148073270238,"_timestamp":1.7321700581013002e+09,"Train Accuracy":0.9322650255754475,"Step":7032}