{"train_losses": [24.20357894897461, 3.0568716977258474, 0.6859645655310772, 0.14910054464257838, 0.05095492000628273, 0.017094890344606692, 0.006034722208417317, 0.003220338800405931, 0.001970604426906129, 0.001295028404875439, 0.0010069988537728786], "train_accs": [0.0, 0.0, 0.005651808578745199, 0.10950495841330773, 0.25232074263764404, 0.46397152911068457, 0.6721951024327785, 0.7686640275111964, 0.8290653008962868, 0.871001279590531, 0.887992472773863], "val_accs": [0.0, 0.0, 0.039, 0.1772, 0.344, 0.617, 0.7204, 0.8178, 0.8518, 0.8822, 0.8928]}