{"train_losses": [0.4725781977176666, 0.13321763117398536, 0.022212120454485822, 0.009118806291371583, 0.00628593114670366, 0.0047811169478327335, 0.003864156317059733, 0.0032263644633517747, 0.002967759766439094, 0.002625760469732985, 0.0023871377337402497, 0.0020594472600216113, 0.002134585997752719, 0.001964893199357332, 0.001887648884545673, 0.0016842947854679457, 0.0016537403308187321, 0.001642695148503352, 0.0013538880310636067, 0.001415794225904002, 0.0013430472035721249, 0.001265018011976793, 0.001175301270494605, 0.0012158006966576608, 0.0010976161252945027, 0.0011171384391431905, 0.0015034444030001027, 0.0015341080513928923, 0.0014765205704709039, 0.0012520427363072063, 0.0010355885411903033, 0.0009776249104463289, 0.0008507317896134937, 0.0009238359780734169, 0.0008979324508715678, 0.000776800651946207, 0.000801903506120046, 0.0006876594556793983, 0.0007438862305735388, 0.0007408113630188246, 0.0007202864563899022, 0.0007132714651432121, 0.0007492361699033827, 0.0006952924625095374, 0.0006589879661486954, 0.0006235053889792074, 0.0006291190079516835, 0.0006001400817043763, 0.0006364424523517601, 0.0006225136039745571, 0.0005711662451639497, 0.0005977127312837479, 0.0005541406022412235, 0.0005914034858963874, 0.0006292049603706056, 0.0007504403009512168, 0.0007024885244565467, 0.0008116320844722971, 0.0006996040746595914, 0.000639461029314499, 0.0005292123309054745, 0.0005777324225881574, 0.0005165265562633673, 0.0004909005191467412, 0.00043206528085265323, 0.0004368360563936804, 0.000444452322321193, 0.00041183581760593954, 0.0004338913422105904, 0.0004213504214323035, 0.00042323266898218606, 0.00040587959462180947, 0.000387568229184994, 0.0003745782932432365, 0.0004030347305511555, 0.00036033052229417787, 0.00036508606654036575, 0.00035777679239198614, 0.000374986535457314, 0.0003891224017453626, 0.00039040043478464834, 0.0003614409937231679, 0.00036845347162566184, 0.00033569512791238446, 0.00033777630031471854, 0.0003632068114016748, 0.0003571527356870255, 0.00040238981585794166, 0.00034722662639132765, 0.0003877677676407085, 0.00034788944941139004, 0.0003088307087930017, 0.0003134869660631038, 0.00030379195577732407, 0.00028324716916600844, 0.00028385221757552413, 0.0002666677850713608, 0.00031137395795544743, 0.00030721485272578754, 0.00030606161774128905, 0.00029297308124544676], "train_accs": [0.078125, 0.3287109375, 0.509765625, 0.5958059210526315, 0.628125, 0.6188322368421053, 0.6486328125, 0.6358963815789473, 0.637109375, 0.6338404605263158, 0.6431640625, 0.6383634868421053, 0.61640625, 0.6038240131578947, 0.6095703125, 0.6299342105263158, 0.619140625, 0.6095703125, 0.6264391447368421, 0.61640625, 0.6083470394736842, 0.625390625, 0.619860197368421, 0.6177734375, 0.6186266447368421, 0.613671875, 0.5532483552631579, 0.54296875, 0.53125, 0.553515625, 0.5789473684210527, 0.594921875, 0.6060855263157895, 0.598828125, 0.592578125, 0.6169819078947368, 0.60703125, 0.6151315789473685, 0.607421875, 0.5962171052631579, 0.6041015625, 0.5906661184210527, 0.5837890625, 0.5865542763157895, 0.6134765625, 0.5921052631578947, 0.6076171875, 0.5962171052631579, 0.58671875, 0.581640625, 0.600328947368421, 0.59375, 0.6019736842105263, 0.587890625, 0.553453947368421, 0.5421875, 0.5380345394736842, 0.5224609375, 0.5217927631578947, 0.5560546875, 0.591077302631579, 0.5751953125, 0.5727796052631579, 0.5814453125, 0.5984786184210527, 0.6041015625, 0.603125, 0.6202713815789473, 0.6052734375, 0.602796052631579, 0.609765625, 0.5869654605263158, 0.60859375, 0.5990953947368421, 0.5966796875, 0.6015625, 0.6046875, 0.6023848684210527, 0.596875, 0.5805921052631579, 0.59453125, 0.6087890625, 0.5958059210526315, 0.6142578125, 0.6085526315789473, 0.6037109375, 0.5904605263157895, 0.5693359375, 0.5869654605263158, 0.57734375, 0.57421875, 0.6140625, 0.5916940789473685, 0.6130859375, 0.6064967105263158, 0.6052734375, 0.6200657894736842, 0.5958984375, 0.60546875, 0.5884046052631579, 0.614453125], "val_accs": [0.0764, 0.448, 0.5788, 0.6138, 0.6404, 0.6282, 0.6416, 0.6438, 0.6386, 0.6388, 0.6394, 0.6322, 0.62, 0.5918, 0.6258, 0.6232, 0.5994, 0.6232, 0.626, 0.6066, 0.6164, 0.5914, 0.621, 0.6204, 0.6282, 0.5868, 0.5598, 0.5076, 0.5582, 0.5572, 0.5906, 0.5972, 0.6008, 0.5868, 0.6014, 0.618, 0.6102, 0.6152, 0.596, 0.5956, 0.6054, 0.5828, 0.5846, 0.5996, 0.6008, 0.6038, 0.5992, 0.5986, 0.5904, 0.5862, 0.5986, 0.569, 0.5976, 0.5626, 0.5362, 0.538, 0.5566, 0.5214, 0.5346, 0.5864, 0.5824, 0.5642, 0.5866, 0.5908, 0.6066, 0.6052, 0.5924, 0.6088, 0.5948, 0.5868, 0.6114, 0.5964, 0.6178, 0.599, 0.6052, 0.6054, 0.5944, 0.5948, 0.5966, 0.5894, 0.6064, 0.5942, 0.6068, 0.5856, 0.593, 0.5958, 0.5868, 0.5664, 0.5732, 0.5746, 0.5702, 0.598, 0.6086, 0.59, 0.6188, 0.625, 0.6114, 0.5876, 0.6102, 0.5958, 0.598]}