{"_step":7032,"_timestamp":1.7321714952468882e+09,"Train Loss":0.001982452836775956,"_runtime":1405.627508101,"Validation Accuracy":0.8598,"Step":7032,"_wandb":{"runtime":1405},"Validation Loss":0.013765967101790011,"Train Accuracy":0.8305027173913043}