{"Validation Accuracy":0,"_timestamp":1.7321635671680567e+09,"_runtime":79.1574769,"Step":625,"Train Loss":0.369128232946792,"_wandb":{"runtime":79},"_step":625,"Train Accuracy":0,"Validation Loss":2.8763238629208336}