{"train_losses": [13.262711524963379, 3.035887839010609, 0.9221561197966089, 0.5523835306204212, 0.3463004447234915, 0.2435533317849555, 0.17764744111066588, 0.1356228392927768, 0.10969964329428353, 0.09339197071118702, 0.08271458378219604], "train_accs": [0.0, 0.0, 0.0, 0.0, 0.0, 0.0001999360204734485, 0.004051296414852753, 0.017344449776071656, 0.029029289372599233, 0.03417906269993602, 0.036414958360025625], "val_accs": [0.0, 0.0, 0.0, 0.0, 0.0, 0.0004, 0.0094, 0.0228, 0.033, 0.0382, 0.0382]}